name,ppda,oppda,high_press_regains_90,npxgd_90,xg_per_shot,xg_sequence,big8_w,big8_l,big8_d,ko_win_rate,u23_minutes_pct,academy_debuts,injury_days_season,player_availability,squad_value_delta_m,net_spend_m,fan_sentiment_pct,media_vol_sigma,big8_points,big8_games,big8_ppg,injury_availability,xthreat_delta,sequence_xg,touchline_bans,board_rift_flag
Thomas Frank,10.5,14.9,8.4,0.18,0.1,0.11,2,5,3,50,11,4,810,89,120,-50,29,1.2,9,10,0.9,91.12328767123287,0.7000000000000001,0.11,0.5,0
Marco Silva,10.1,14.3,7.9,0.11,0.09,0.11,4,10,2,38,7,8,712,93,65,85,32,1.14,14,16,0.875,92.1972602739726,0.63,0.11,0.5,0
Oliver Glasner,11.8,15.8,7.2,0.14,0.1,0.1,5,7,3,60,4,2,900,88,40,40,24,1.3,18,15,1.2,90.13698630136986,0.7000000000000001,0.1,0.5,0
Mauricio Pochettino,9.9,13.4,8.1,0.2,0.11,0.12,4,6,4,55,15,12,780,90,210,180,35,1.4,16,14,1.1428571428571428,91.45205479452055,0.77,0.12,0.5,0
Xavi Hernández,8.2,12.4,6.5,0.23,0.12,0.13,7,6,6,45,22,6,950,85,70,70,22,1.6,27,19,1.4210526315789473,89.58904109589041,0.84,0.13,0.5,0
Kieran McKenna,9.0,13.1,7.6,0.25,0.11,0.14,0,0,0,60,18,5,650,92,35,20,28,1.3,0,0,0.0,92.87671232876713,0.77,0.14,0.5,0
Andoni Iraola,9.7,13.5,8.1,0.05,0.108,0.08,1,8,5,30,9,2,820,88,30,30,20,1.5,8,14,0.5714285714285714,91.01369863013699,0.756,0.08,0.5,0
Roberto De Zerbi,8.8,12.1,8.8,0.22,0.11,0.14,8,9,5,50,14,4,840,87,150,-35,26,1.4,29,22,1.3181818181818181,90.79452054794521,0.77,0.14,0.5,0
